method,scale,false_alarms_per100,detection,control_window
구속 하락 신호,0.5,5.521472392638037,31.48148148148148,26.851851851851855
폼 변화 신호,0.5,4.520503713270908,14.814814814814813,12.962962962962962
B1 구속 1mph,0.5,18.695511785598967,57.407407407407405,51.85185185185185
B2 WHIP CUSUM,0.5,2.1633839199225053,12.962962962962962,12.037037037037036
B3 마할라노비스,0.5,4.9079754601226995,9.25925925925926,22.22222222222222
B4 구속 EWMA(양방향),0.5,4.2621892153697125,24.074074074074073,18.51851851851852
합의 규칙,0.5,6.587019696480464,37.03703703703704,29.629629629629626
구속 하락 신호,0.7,2.5185663545366483,24.074074074074073,13.88888888888889
폼 변화 신호,0.7,1.9373587342589604,5.555555555555555,5.555555555555555
B1 구속 1mph,0.7,13.23861801743623,38.88888888888889,40.74074074074074
B2 WHIP CUSUM,0.7,1.2269938650306749,7.4074074074074066,8.333333333333332
B3 마할라노비스,0.7,1.8082014853083628,3.7037037037037033,7.4074074074074066
B4 구속 EWMA(양방향),0.7,2.2279625443978044,14.814814814814813,8.333333333333332
합의 규칙,0.7,3.002906038101388,24.074074074074073,13.88888888888889
구속 하락 신호,1.0,0.7749434937035841,11.11111111111111,4.62962962962963
폼 변화 신호,1.0,0.6780755569906362,0.0,2.7777777777777777
B1 구속 1mph,1.0,7.2005166289958025,31.48148148148148,24.074074074074073
B2 WHIP CUSUM,1.0,0.7103648692282855,3.7037037037037033,2.7777777777777777
B3 마할라노비스,1.0,0.4520503713270907,1.8518518518518516,1.8518518518518516
B4 구속 EWMA(양방향),1.0,1.0009686793671295,11.11111111111111,4.62962962962963
합의 규칙,1.0,0.9363900548918308,11.11111111111111,4.62962962962963
구속 하락 신호,1.4,0.12915724895059735,5.555555555555555,1.8518518518518516
폼 변화 신호,1.4,0.35518243461414273,0.0,0.9259259259259258
B1 구속 1mph,1.4,2.841459476913142,25.925925925925924,11.11111111111111
B2 WHIP CUSUM,1.4,0.38747174685179203,3.7037037037037033,2.7777777777777777
B3 마할라노비스,1.4,0.06457862447529868,0.0,0.0
B4 구속 EWMA(양방향),1.4,0.4197610590894414,5.555555555555555,2.7777777777777777
합의 규칙,1.4,0.22602518566354535,5.555555555555555,2.7777777777777777
구속 하락 신호,2.0,0.03228931223764934,1.8518518518518516,0.9259259259259258
폼 변화 신호,2.0,0.2583144979011947,0.0,0.0
B1 구속 1mph,2.0,0.7103648692282855,9.25925925925926,3.7037037037037033
B2 WHIP CUSUM,2.0,0.19373587342589602,0.0,1.8518518518518516
B3 마할라노비스,2.0,0.03228931223764934,0.0,0.0
B4 구속 EWMA(양방향),2.0,0.19373587342589602,5.555555555555555,1.8518518518518516
합의 규칙,2.0,0.12915724895059735,5.555555555555555,1.8518518518518516
구속 하락 신호,3.0,0.0,0.0,0.0
폼 변화 신호,3.0,0.09686793671294801,0.0,0.0
B1 구속 1mph,3.0,0.03228931223764934,1.8518518518518516,0.0
B2 WHIP CUSUM,3.0,0.09686793671294801,0.0,0.9259259259259258
B3 마할라노비스,3.0,0.03228931223764934,0.0,0.0
B4 구속 EWMA(양방향),3.0,0.06457862447529868,0.0,0.9259259259259258
합의 규칙,3.0,0.0,0.0,0.0
