role,season,outings,alarms,per100,arl0,method
RP,2026,2112,20,0.946969696969697,105.6,구속 하락 신호
RP,all,2112,20,0.946969696969697,105.6,구속 하락 신호
SP,2026,985,4,0.40609137055837563,246.25,구속 하락 신호
SP,all,985,4,0.40609137055837563,246.25,구속 하락 신호
all,2026,3097,24,0.7749434937035841,129.04166666666666,구속 하락 신호
all,all,3097,24,0.7749434937035841,129.04166666666666,구속 하락 신호
RP,2026,2112,16,0.7575757575757576,132.0,폼 변화 신호
RP,all,2112,16,0.7575757575757576,132.0,폼 변화 신호
SP,2026,985,5,0.5076142131979695,197.0,폼 변화 신호
SP,all,985,5,0.5076142131979695,197.0,폼 변화 신호
all,2026,3097,21,0.6780755569906362,147.47619047619048,폼 변화 신호
all,all,3097,21,0.6780755569906362,147.47619047619048,폼 변화 신호
RP,2026,2112,147,6.9602272727272725,14.36734693877551,B1 구속 1mph
RP,all,2112,147,6.9602272727272725,14.36734693877551,B1 구속 1mph
SP,2026,985,76,7.715736040609137,12.960526315789474,B1 구속 1mph
SP,all,985,76,7.715736040609137,12.960526315789474,B1 구속 1mph
all,2026,3097,223,7.2005166289958025,13.887892376681615,B1 구속 1mph
all,all,3097,223,7.2005166289958025,13.887892376681615,B1 구속 1mph
RP,2026,2112,8,0.3787878787878788,264.0,B2 WHIP CUSUM
RP,all,2112,8,0.3787878787878788,264.0,B2 WHIP CUSUM
SP,2026,985,14,1.4213197969543148,70.35714285714286,B2 WHIP CUSUM
SP,all,985,14,1.4213197969543148,70.35714285714286,B2 WHIP CUSUM
all,2026,3097,22,0.7103648692282855,140.77272727272728,B2 WHIP CUSUM
all,all,3097,22,0.7103648692282855,140.77272727272728,B2 WHIP CUSUM
RP,2026,2112,9,0.42613636363636365,234.66666666666666,B3 마할라노비스
RP,all,2112,9,0.42613636363636365,234.66666666666666,B3 마할라노비스
SP,2026,985,5,0.5076142131979695,197.0,B3 마할라노비스
SP,all,985,5,0.5076142131979695,197.0,B3 마할라노비스
all,2026,3097,14,0.45205037132709075,221.21428571428572,B3 마할라노비스
all,all,3097,14,0.45205037132709075,221.21428571428572,B3 마할라노비스
RP,2026,2112,23,1.0890151515151516,91.82608695652173,B4 구속 EWMA(양방향)
RP,all,2112,23,1.0890151515151516,91.82608695652173,B4 구속 EWMA(양방향)
SP,2026,985,8,0.8121827411167513,123.125,B4 구속 EWMA(양방향)
SP,all,985,8,0.8121827411167513,123.125,B4 구속 EWMA(양방향)
all,2026,3097,31,1.0009686793671295,99.90322580645162,B4 구속 EWMA(양방향)
all,all,3097,31,1.0009686793671295,99.90322580645162,B4 구속 EWMA(양방향)
RP,2026,2112,24,1.1363636363636365,88.0,합의 규칙
RP,all,2112,24,1.1363636363636365,88.0,합의 규칙
SP,2026,985,5,0.5076142131979695,197.0,합의 규칙
SP,all,985,5,0.5076142131979695,197.0,합의 규칙
all,2026,3097,29,0.9363900548918308,106.79310344827586,합의 규칙
all,all,3097,29,0.9363900548918308,106.79310344827586,합의 규칙
