method,group,cases,controls,concordance,concordance_lo,concordance_hi,detection,control_window,diff,diff_lo,diff_hi,median_lead,false_alarms_per100
구속 하락 신호,all,54,108,0.4722222222222222,0.3611111111111111,0.5925925925925926,11.11111111111111,4.62962962962963,6.481481481481481,-1.8518518518518516,16.666666666666664,1.5,0.7749434937035841
구속 하락 신호,SP,24,48,0.5416666666666666,0.375,0.7088541666666639,20.833333333333336,2.083333333333333,18.75,2.083333333333333,37.5,2.0,0.40609137055837563
구속 하락 신호,RP,30,60,0.4166666666666667,0.26666666666666666,0.5666666666666667,3.3333333333333335,6.666666666666667,-3.3333333333333335,-11.666666666666666,6.666666666666667,1.0,0.946969696969697
구속 하락 신호,elbow,45,90,0.45555555555555555,0.3333333333333333,0.5777777777777777,6.666666666666667,3.3333333333333335,3.3333333333333335,-4.444444444444445,11.11111111111111,1.0,
구속 하락 신호,shoulder,9,18,0.5555555555555556,0.2777777777777778,0.8333333333333334,33.33333333333333,11.11111111111111,22.22222222222222,-11.11111111111111,61.111111111111114,2.0,
폼 변화 신호,all,54,108,0.5185185185185185,0.4074074074074074,0.6296296296296297,0.0,2.7777777777777777,-2.7777777777777777,-6.481481481481481,0.0,,0.6780755569906362
폼 변화 신호,SP,24,48,0.625,0.4791666666666667,0.7708333333333334,0.0,2.083333333333333,-2.083333333333333,-6.25,0.0,,0.5076142131979695
폼 변화 신호,RP,30,60,0.43333333333333335,0.3,0.5666666666666667,0.0,3.3333333333333335,-3.3333333333333335,-8.333333333333332,0.0,,0.7575757575757576
폼 변화 신호,elbow,45,90,0.5,0.3888888888888889,0.6002777777777762,0.0,2.2222222222222223,-2.2222222222222223,-5.555555555555555,0.0,,
폼 변화 신호,shoulder,9,18,0.6111111111111112,0.3333333333333333,0.8888888888888888,0.0,5.555555555555555,-5.555555555555555,-16.666666666666664,0.0,,
B1 구속 1mph,all,54,108,0.5740740740740741,0.4537037037037037,0.6854166666666655,31.48148148148148,24.074074074074073,7.4074074074074066,-5.555555555555555,20.39351851851839,4.0,7.2005166289958025
B1 구속 1mph,SP,24,48,0.6041666666666666,0.4166666666666667,0.7708333333333334,45.83333333333333,29.166666666666668,16.666666666666664,-4.166666666666666,37.5,4.0,7.715736040609138
B1 구속 1mph,RP,30,60,0.55,0.4,0.7,20.0,20.0,0.0,-15.0,16.666666666666664,3.5,6.9602272727272725
B1 구속 1mph,elbow,45,90,0.5444444444444444,0.4111111111111111,0.6777777777777778,28.888888888888886,24.444444444444443,4.444444444444445,-8.88888888888889,18.88888888888889,4.0,
B1 구속 1mph,shoulder,9,18,0.7222222222222222,0.4444444444444444,1.0,44.44444444444444,22.22222222222222,22.22222222222222,-11.11111111111111,55.55555555555556,4.0,
B2 WHIP CUSUM,all,54,108,0.625,0.5185185185185185,0.7268518518518519,3.7037037037037033,2.7777777777777777,0.9259259259259258,-4.62962962962963,6.504629629629504,3.0,0.7103648692282855
B2 WHIP CUSUM,SP,24,48,0.53125,0.3854166666666667,0.6875,4.166666666666666,6.25,-2.083333333333333,-12.5,10.416666666666668,1.0,1.4213197969543148
B2 WHIP CUSUM,RP,30,60,0.7,0.5583333333333333,0.8252083333333321,3.3333333333333335,0.0,3.3333333333333335,0.0,10.0,5.0,0.3787878787878788
B2 WHIP CUSUM,elbow,45,90,0.5944444444444444,0.4777777777777778,0.7111111111111111,4.444444444444445,2.2222222222222223,2.2222222222222223,-3.3333333333333335,10.0,3.0,
B2 WHIP CUSUM,shoulder,9,18,0.7777777777777778,0.5527777777777779,1.0,0.0,5.555555555555555,-5.555555555555555,-16.666666666666664,0.0,,
B3 마할라노비스,all,54,108,0.5,0.3888888888888889,0.6018518518518519,1.8518518518518516,1.8518518518518516,0.0,-4.62962962962963,4.62962962962963,2.0,0.4520503713270907
B3 마할라노비스,SP,24,48,0.5208333333333334,0.3541666666666667,0.7083333333333334,4.166666666666666,4.166666666666666,0.0,-8.333333333333332,10.416666666666668,2.0,0.5076142131979695
B3 마할라노비스,RP,30,60,0.48333333333333334,0.35,0.6166666666666667,0.0,0.0,0.0,0.0,0.0,,0.4261363636363636
B3 마할라노비스,elbow,45,90,0.5333333333333333,0.42194444444444446,0.6444444444444445,0.0,2.2222222222222223,-2.2222222222222223,-5.555555555555555,0.0,,
B3 마할라노비스,shoulder,9,18,0.3333333333333333,0.1111111111111111,0.6111111111111112,11.11111111111111,0.0,11.11111111111111,0.0,33.33333333333333,2.0,
B4 구속 EWMA(양방향),all,54,108,0.6296296296296297,0.5185185185185185,0.7314814814814815,11.11111111111111,4.62962962962963,6.481481481481481,-2.7777777777777777,16.666666666666664,2.5,1.0009686793671295
B4 구속 EWMA(양방향),SP,24,48,0.625,0.4583333333333333,0.7916666666666666,16.666666666666664,2.083333333333333,14.583333333333334,0.0,33.33333333333333,3.5,0.8121827411167513
B4 구속 EWMA(양방향),RP,30,60,0.6333333333333333,0.48333333333333334,0.7666666666666667,6.666666666666667,6.666666666666667,0.0,-10.0,11.666666666666666,1.5,1.0890151515151516
B4 구속 EWMA(양방향),elbow,45,90,0.6,0.4777777777777778,0.7222222222222222,6.666666666666667,3.3333333333333335,3.3333333333333335,-4.444444444444445,12.222222222222221,4.0,
B4 구속 EWMA(양방향),shoulder,9,18,0.7777777777777778,0.5555555555555556,1.0,33.33333333333333,11.11111111111111,22.22222222222222,-11.11111111111111,61.111111111111114,1.0,
합의 규칙,all,54,108,0.5648148148148148,0.49074074074074076,0.6481481481481481,11.11111111111111,4.62962962962963,6.481481481481481,-1.8518518518518516,16.666666666666664,1.5,0.9363900548918308
합의 규칙,SP,24,48,0.6145833333333334,0.5,0.7395833333333334,20.833333333333336,2.083333333333333,18.75,2.083333333333333,37.5,2.0,0.5076142131979695
합의 규칙,RP,30,60,0.525,0.44166666666666665,0.6166666666666667,3.3333333333333335,6.666666666666667,-3.3333333333333335,-11.666666666666666,6.666666666666667,1.0,1.1363636363636365
합의 규칙,elbow,45,90,0.5444444444444444,0.46111111111111114,0.6277777777777778,6.666666666666667,3.3333333333333335,3.3333333333333335,-4.444444444444445,11.11111111111111,1.0,
합의 규칙,shoulder,9,18,0.6666666666666666,0.5,0.8333333333333334,33.33333333333333,11.11111111111111,22.22222222222222,-11.11111111111111,61.111111111111114,2.0,
