split,seasons,method,role,days,alarms,alarm_followed,alarm_rate,other,other_followed,other_rate,lift
dev,2021~2023,구속 하락 신호,all,30,346,23,0.06647398843930635,30775,1296,0.042112103980503655,1.578500767144794
dev,2021~2023,구속 하락 신호,SP,30,129,12,0.09302325581395349,8651,445,0.0514391399838169,1.808413901228116
dev,2021~2023,구속 하락 신호,RP,30,217,11,0.05069124423963134,22124,851,0.038465015367926236,1.3178532168714496
dev,2021~2023,폼 변화 신호,all,30,278,19,0.0683453237410072,30843,1300,0.042148947897415946,1.621519092418373
dev,2021~2023,폼 변화 신호,SP,30,64,9,0.140625,8716,448,0.05139972464433226,2.7359095982142856
dev,2021~2023,폼 변화 신호,RP,30,214,10,0.04672897196261682,22127,852,0.0385049938988566,1.213582115747444
dev,2021~2023,B1 구속 1mph,all,30,2889,152,0.05261336102457598,28232,1167,0.04133607254179654,1.2728195445122785
dev,2021~2023,B1 구속 1mph,SP,30,911,75,0.08232711306256861,7869,382,0.04854492311602491,1.695895425888357
dev,2021~2023,B1 구속 1mph,RP,30,1978,77,0.038928210313447925,20363,785,0.038550311840102144,1.0098027345385225
dev,2021~2023,B4 구속 EWMA(양방향),all,30,368,18,0.04891304347826087,30753,1301,0.0423048157903294,1.1562050930722187
dev,2021~2023,B4 구속 EWMA(양방향),SP,30,109,6,0.05504587155963303,8671,451,0.05201245531080614,1.0583209585223459
dev,2021~2023,B4 구속 EWMA(양방향),RP,30,259,12,0.04633204633204633,22082,850,0.03849289013676298,1.2036520554167611
val,2024~2025,구속 하락 신호,all,30,200,21,0.105,20088,972,0.04838709677419355,2.17
val,2024~2025,구속 하락 신호,SP,30,81,10,0.12345679012345678,5735,280,0.04882301656495205,2.5286596119929454
val,2024~2025,구속 하락 신호,RP,30,119,11,0.09243697478991597,14353,692,0.048212917160175575,1.9172657502307282
val,2024~2025,폼 변화 신호,all,30,115,9,0.0782608695652174,20173,984,0.04877806969711991,1.6044273594909864
val,2024~2025,폼 변화 신호,SP,30,35,4,0.11428571428571428,5781,286,0.049472409617713195,2.31008991008991
val,2024~2025,폼 변화 신호,RP,30,80,5,0.0625,14392,698,0.04849916620344636,1.2886819484240688
val,2024~2025,B1 구속 1mph,all,30,1502,113,0.07523302263648468,18786,880,0.046843394016821034,1.6060540491465924
val,2024~2025,B1 구속 1mph,SP,30,470,40,0.0851063829787234,5346,250,0.046763935652824544,1.819914893617021
val,2024~2025,B1 구속 1mph,RP,30,1032,73,0.07073643410852713,13440,630,0.046875,1.5090439276485788
val,2024~2025,B4 구속 EWMA(양방향),all,30,198,15,0.07575757575757576,20090,978,0.04868093578894973,1.5562062341203446
val,2024~2025,B4 구속 EWMA(양방향),SP,30,57,6,0.10526315789473684,5759,284,0.04931411703420733,2.1345441067457376
val,2024~2025,B4 구속 EWMA(양방향),RP,30,141,9,0.06382978723404255,14331,694,0.048426488032935595,1.3180759090072964
sealed,2026,구속 하락 신호,all,30,102,10,0.09803921568627451,9831,478,0.0486217068456922,2.016367216342604
sealed,2026,구속 하락 신호,SP,30,34,6,0.17647058823529413,2928,149,0.050887978142076504,3.467824713778129
sealed,2026,구속 하락 신호,RP,30,68,4,0.058823529411764705,6903,329,0.047660437490945964,1.2342213481137136
sealed,2026,폼 변화 신호,all,30,60,1,0.016666666666666666,9873,487,0.049326445862453154,0.33788501026694046
sealed,2026,폼 변화 신호,SP,30,9,0,0.0,2953,155,0.052488994243142566,0.0
sealed,2026,폼 변화 신호,RP,30,51,1,0.0196078431372549,6920,332,0.04797687861271676,0.40869359792109616
sealed,2026,B1 구속 1mph,all,30,829,61,0.0735826296743064,9104,427,0.046902460456942005,1.5688437015336896
sealed,2026,B1 구속 1mph,SP,30,273,36,0.13186813186813187,2689,119,0.04425436965414652,2.9797765259950135
sealed,2026,B1 구속 1mph,RP,30,556,25,0.044964028776978415,6415,308,0.04801247077162899,0.9365072876763525
sealed,2026,B4 구속 EWMA(양방향),all,30,103,9,0.08737864077669903,9830,479,0.04872838250254324,1.7931775341021952
sealed,2026,B4 구속 EWMA(양방향),SP,30,30,4,0.13333333333333333,2932,151,0.05150068212824011,2.588962472406181
sealed,2026,B4 구속 EWMA(양방향),RP,30,73,5,0.0684931506849315,6898,328,0.04755001449695564,1.4404443701971266
