p,lambda,shift_sd,arl1
1,0.2,0.5,20.0645
1,0.2,1.0,7.0085
1,0.2,1.5,4.097
1,0.1,0.5,17.65425
1,0.1,1.0,7.26075
1,0.1,1.5,4.497
1,0.3,0.5,22.98125
1,0.3,1.0,7.32075
1,0.3,1.5,4.0055
3,0.2,0.5,28.6515
3,0.2,1.0,9.57525
3,0.2,1.5,5.37425
3,0.1,0.5,24.29825
3,0.1,1.0,9.73975
3,0.1,1.5,5.945
3,0.3,0.5,33.73275
3,0.3,1.0,10.32875
3,0.3,1.5,5.3215
5,0.2,0.5,33.51375
5,0.2,1.0,10.964
5,0.2,1.5,6.1225
5,0.1,0.5,27.85275
5,0.1,1.0,10.92525
5,0.1,1.5,6.74175
5,0.3,0.5,39.4175
5,0.3,1.0,12.3195
5,0.3,1.5,6.133
7,0.2,0.5,38.41525
7,0.2,1.0,12.603
7,0.2,1.5,6.7405
7,0.1,0.5,31.56775
7,0.1,1.0,12.279
7,0.1,1.5,7.434
7,0.3,0.5,45.582
7,0.3,1.0,14.4535
7,0.3,1.5,6.8375
