n_fb_bin,outings,var_u_velo,var_u_rel_z,var_u_arm_angle,mean_t2,role,baseline
3~5,31,1.4067307767483905,1.2071201308707389,0.8797388149254921,3.5140602232707083,SP,moving
6~9,68,1.2607450626690935,1.0315990689032248,0.9657476532584924,3.2608344237900386,SP,moving
10~15,152,0.8743999828828997,1.133790398668333,0.8508934499274213,2.8858095565171653,SP,moving
16+,2395,0.8794343245473148,0.9866746023673946,1.040139560890158,2.9114701556211475,SP,moving
3~5,1489,0.8722117296778082,0.8595520968568842,1.013892509359106,2.77015953495203,RP,moving
6~9,2249,0.9283488796376346,0.8375255567982941,0.9789894535052776,2.74863636270701,RP,moving
10~15,1702,0.8563128496304732,0.874030006981222,0.9761121583423823,2.712330122253961,RP,moving
16+,652,0.7437372411405936,0.8863446510528139,0.9391076540742805,2.592324207979778,RP,moving
3~5,31,3.371406792089371,1.867308409730368,3.885229048479863,11.02117499290771,SP,fixed
6~9,68,1.9702125798275087,1.5401019859846679,2.459810519234053,6.306171068597107,SP,fixed
10~15,152,1.6960959744522774,2.4867706386307633,3.206610058987556,8.004885549994944,SP,fixed
16+,2395,1.560320657170988,1.9330661567276999,3.1407482890361456,7.057161674902686,SP,fixed
3~5,1489,1.6063927097810968,1.4686337167296786,2.1149156798525137,5.5458145768996605,RP,fixed
6~9,2249,1.8257305493709821,1.587209856679711,2.173032832319874,5.925397257652807,RP,fixed
10~15,1702,1.6155917914724884,1.5918997968136275,2.0025572012348727,5.474596170277246,RP,fixed
16+,652,1.6250076062650043,1.5149777461815908,1.951292177854292,5.193108068969197,RP,fixed
