order_bin,outings,var_u_velo,var_u_rel_z,var_u_arm_angle,mean_t2,role,baseline
1~5,645,0.8530750259327874,1.052178596235449,0.9029891879001608,2.8355608394863756,SP,moving
6~10,640,0.8831038400317175,1.0320383338201145,0.9347476560845823,2.869280761464166,SP,moving
11~20,1108,0.9085386023340583,0.9637239979319705,1.1027415023785783,2.9732318590608275,SP,moving
21+,253,0.9567483312257271,0.9164155085419909,1.1846588804853087,3.093554760463228,SP,moving
1~5,840,0.9668897216166694,0.8788230415610163,0.9095836842275034,2.75983523562468,RP,moving
6~10,839,0.8316512301081882,0.834143235323977,0.8918314841370009,2.555820943072241,RP,moving
11~20,1588,0.8673888029025286,0.8724896587011732,0.929258329327088,2.6699246962261025,RP,moving
21+,2825,0.8647571555192424,0.8734912690828719,1.0610035974098284,2.800211041480107,RP,moving
1~5,645,1.112313810817806,1.1353522025448826,1.6144853767479366,4.084939559599868,SP,fixed
6~10,640,1.5274414360704776,1.7813948310858059,2.586510134169037,6.42165556152144,SP,fixed
11~20,1108,1.7816733260474957,2.416622738948701,4.020852422303394,8.72630285191185,SP,fixed
21+,253,2.363135547615751,2.448512952825417,4.523066998930259,9.785500937557085,SP,fixed
1~5,840,1.1074002339126672,1.006813844569377,1.2784249316104912,3.621358341912021,RP,fixed
6~10,839,1.153586274791712,1.3065982715494795,1.538493786907552,4.241823659774987,RP,fixed
11~20,1588,1.5795008978332552,1.483669616986392,1.839286662325135,5.15370917652418,RP,fixed
21+,2825,2.0935308827251955,1.800977252800739,2.627314858340301,6.903605044306843,RP,fixed
