case_id,name,season,role,part,il_date,age,first_window_order,right_after_start_up,gap_days_mean,n_fb_mean,velo_index_max,change_index_max,change_hit
774136,Justin Lawrence,2024,RP,shoulder,2024-05-26,29.5,1,True,2.5,13.4,0.794270766054291,0.875868440659956,False
782301,Patrick Sandoval,2024,SP,elbow,2024-06-22,27.68,4,False,5.5,13.8,0.2998075027707669,0.1903832842068495,False
782406,Mark Leiter Jr.,2024,RP,elbow,2024-06-23,33.28,2,True,2.5,8.2,0.5918665744683863,0.17892873299783094,False
783299,Javier Assad,2024,SP,elbow,2024-06-24,26.9,4,False,5.75,36.6,0.23829160583743142,0.09705863034951308,False
783648,Jared Koenig,2024,RP,elbow,2024-06-29,30.43,10,False,2.0,10.6,-0.09952903919396085,0.17785562540603514,False
785271,Chris Martin,2024,RP,elbow,2024-07-04,38.09,1,True,3.5,7.2,0.6894805268215581,0.38146249085362827,False
786219,Graham Ashcraft,2024,SP,elbow,2024-07-08,26.4,3,False,9.25,45.4,0.9334047978515846,0.24695874747746818,False
786534,Justin Slaten,2024,RP,elbow,2024-07-09,26.81,9,False,3.5,7.2,0.07388538651200673,0.6589053605857974,False
786173,Reed Garrett,2024,RP,elbow,2024-07-10,31.52,2,True,4.5,5.0,-0.13270065394680405,0.3732281020422169,False
786703,Luke Little,2024,RP,shoulder,2024-07-13,23.87,11,False,3.25,9.2,-0.9625611204809255,0.5212056033421749,False
787916,Michael Soroka,2024,RP,shoulder,2024-07-16,26.95,1,True,5.0,17.0,0.20446097747521277,0.18077200708471006,False
788229,Jordan Leasure,2024,RP,shoulder,2024-07-17,25.92,13,False,8.5,11.2,-0.026062657481599392,0.3837492978999605,False
788372,Chris Paddack,2024,SP,elbow,2024-07-17,28.52,5,False,8.5,36.2,0.562422271208907,0.5934827296581023,False
788389,Max Fried,2024,SP,elbow,2024-07-18,30.5,6,False,6.0,28.6,0.24166930026557273,0.21773769381505936,False
788259,Hayden Wesneski,2024,RP,elbow,2024-07-20,26.62,5,False,5.75,24.8,0.5595854507997499,0.5853443841760768,False
788398,Reese Olson,2024,SP,shoulder,2024-07-21,24.97,7,False,6.75,19.6,0.4501915276117389,0.5213547803672426,False
789935,Dedniel Núñez,2024,RP,elbow,2024-07-24,28.13,3,False,3.5,6.0,0.03848752011475977,0.19898766993589118,False
792206,Bryce Jarvis,2024,RP,elbow,2024-07-31,26.6,19,False,2.25,7.0,0.4246110246311604,0.21518625015817047,False
792534,Jacob Latz,2024,RP,elbow,2024-08-03,28.32,24,False,2.0,13.6,0.459807284600164,0.5864427845346224,False
793367,Jacob Webb,2024,RP,elbow,2024-08-04,30.97,25,False,2.25,9.2,0.9726307025813731,0.4247431198945784,False
793522,Ryan Feltner,2024,SP,shoulder,2024-08-08,27.93,11,False,6.25,28.0,0.701622624904231,0.40247935995073625,False
793698,Joe Ryan,2024,SP,shoulder,2024-08-08,28.18,11,False,6.5,40.0,0.6891064738531772,0.7120327416432519,False
794981,Tyler Glasnow,2024,SP,elbow,2024-08-13,30.97,9,False,9.25,31.6,0.33964308374687324,0.23444448232417514,False
794563,Cam Booser,2024,RP,elbow,2024-08-14,32.28,14,False,2.0,8.6,0.4148182058069274,0.23727428004647458,False
794692,Randy Rodríguez,2024,RP,elbow,2024-08-14,24.94,11,False,5.25,14.0,0.9947203265731114,0.5151459075200435,False
795089,Hunter Greene,2024,SP,elbow,2024-08-14,25.02,12,False,5.5,57.0,0.4400973467113528,0.11541378283078867,False
795010,Zack Littell,2024,SP,shoulder,2024-08-15,28.86,12,False,5.75,19.2,0.47198042852181654,0.2855165360301354,False
795134,Austin Adams,2024,RP,elbow,2024-08-15,33.28,3,False,4.25,5.2,0.2549439066080464,0.45532689141867677,False
795046,Derek Law,2024,RP,elbow,2024-08-17,33.92,34,False,3.25,6.6,0.3195996828176847,0.567708574940248,False
795521,Zach Eflin,2024,SP,shoulder,2024-08-17,30.36,11,False,5.5,28.2,0.7656271851512472,0.33786626669325504,False
795576,Scott Alexander,2024,RP,shoulder,2024-08-18,35.11,12,False,2.75,8.4,0.3144232814024775,0.23992014002692497,False
795901,Andrew Abbott,2024,SP,shoulder,2024-08-20,25.22,13,False,5.5,46.8,0.9174913911327683,0.35233001723478835,False
796044,Andrew Nardi,2024,RP,elbow,2024-08-22,26.01,37,False,2.5,13.2,0.6127515373486673,0.2097261407997712,False
796186,Nick Mears,2024,RP,elbow,2024-08-23,27.88,32,False,2.25,10.4,0.8062561842782424,0.2369428412346265,False
796149,Alex Faedo,2024,RP,shoulder,2024-08-25,28.79,17,False,5.25,14.4,0.4058671827318865,0.18623707200094797,False
796613,Jordan Hicks,2024,SP,shoulder,2024-08-25,27.97,16,False,3.25,12.2,-0.13135128054253883,0.41003746353513665,False
796562,Matt Moore,2024,RP,elbow,2024-08-26,35.19,31,False,4.0,7.2,0.49420816278206864,0.3047047015936605,False
796611,Luis García,2024,RP,elbow,2024-08-27,37.57,34,False,2.5,8.4,0.09687394102005584,0.25332210248494813,False
797045,Colin Poche,2024,RP,shoulder,2024-08-31,30.62,20,False,2.75,5.8,0.3528581054645667,0.36284574000913433,False
797829,Justin Steele,2024,SP,elbow,2024-09-01,29.14,10,False,5.75,49.8,0.13256043470840997,0.08920682228461489,False
798124,Calvin Faucher,2024,RP,shoulder,2024-09-05,28.96,28,False,2.0,8.2,0.312091320515384,0.26790613879764796,False
798071,Gavin Stone,2024,SP,shoulder,2024-09-06,25.89,13,False,6.0,21.8,0.4340078314288159,0.1550994345113585,False
798613,Ben Joyce,2024,RP,shoulder,2024-09-07,23.97,10,False,2.75,7.8,0.14996704566529848,0.660334048903254,False
798740,Brennan Bernardino,2024,RP,elbow,2024-09-11,32.66,31,False,2.25,3.8,0.42366558491249917,0.168004607946736,False
798916,Chris Stratton,2024,RP,elbow,2024-09-14,34.06,29,False,4.0,8.0,0.7826345404718517,0.2547657371752607,False
799078,José Ureña,2024,RP,shoulder,2024-09-15,33.01,14,False,6.25,25.6,0.3402982204050699,0.08661151765925276,False
799343,James McArthur,2024,RP,elbow,2024-09-17,27.77,27,False,5.25,4.8,0.6447085759538048,0.195700801320466,False
799919,Sonny Gray,2024,SP,elbow,2024-09-19,34.87,16,False,6.25,24.0,0.7531990709835794,0.25630999508371044,False
800302,Nestor Cortes,2024,SP,elbow,2024-09-22,29.79,19,False,5.75,34.0,0.15807790094652308,0.2836282244365148,False
800308,JoJo Romero,2024,RP,elbow,2024-09-22,28.04,35,False,3.5,4.6,-0.12020015562387273,0.1448617996797348,False
799973,Kenley Jansen,2024,RP,shoulder,2024-09-23,36.98,35,False,2.75,9.6,0.011888782220950687,0.43790070111086404,False
845326,Daysbel Hernández,2025,RP,elbow,2025-06-05,28.72,3,False,3.0,8.4,0.5805890723323008,0.34912121295745685,False
848202,Tyler Mahle,2025,SP,shoulder,2025-06-12,30.7,2,True,6.0,42.8,0.1977126944811942,0.12232587051291544,False
848731,Bowden Francis,2025,SP,shoulder,2025-06-15,29.15,2,True,5.75,39.4,-0.13666703770225233,0.1959146521157138,False
848758,Tylor Megill,2025,SP,elbow,2025-06-15,29.88,2,True,6.0,38.4,-0.01685632256129169,0.1256386903763703,False
849165,Max Kranick,2025,RP,elbow,2025-06-16,27.9,4,False,5.75,8.4,0.6194306000075135,0.8386685070247651,False
849218,Grant Holman,2025,RP,shoulder,2025-06-16,25.04,2,True,2.0,7.8,0.9110677556369728,0.40413018892824776,False
849333,Davis Martin,2025,SP,elbow,2025-06-17,28.45,2,True,6.0,31.4,0.10522123045762957,0.13471346646546467,False
852158,Spencer Schwellenbach,2025,SP,elbow,2025-06-29,25.08,5,False,5.5,35.2,0.18251428569437567,0.4850560405508348,False
852171,Keegan Akin,2025,RP,shoulder,2025-07-01,30.25,17,False,2.0,9.4,0.18790530240369757,0.2294596079416844,False
853059,Erik Miller,2025,RP,elbow,2025-07-03,27.38,3,False,3.75,5.6,0.7927557035202797,0.49303639678342864,False
852541,Trevor Williams,2025,SP,elbow,2025-07-04,33.19,5,False,6.0,42.0,-0.3493608338292271,0.25972636438588853,False
853733,Shelby Miller,2025,RP,elbow,2025-07-06,34.74,18,False,2.75,8.4,0.3385763031074556,0.3588490747214675,False
854166,Porter Hodge,2025,RP,shoulder,2025-07-09,24.38,6,False,3.25,9.6,0.5799705403345685,0.1844463311273505,False
855081,Scott Blewett,2025,RP,elbow,2025-07-13,29.26,6,False,4.25,9.6,0.777258408575746,0.28140900108267236,False
858120,Félix Bautista,2025,RP,shoulder,2025-07-21,30.09,16,False,4.0,11.0,0.6158001023957217,0.2848877365060443,False
857538,Tanner Scott,2025,RP,elbow,2025-07-22,31.0,26,False,3.0,8.2,0.8564483891064649,0.5659229167928598,False
858617,Landen Roupp,2025,SP,elbow,2025-07-23,26.87,8,False,6.25,37.6,0.5014493882264071,0.353907278311505,False
858919,Grant Holmes,2025,SP,elbow,2025-07-27,29.35,10,False,6.25,23.0,0.26794636680453116,0.16096113435534043,False
858968,Zach Agnos,2025,RP,elbow,2025-07-27,24.95,3,False,4.5,5.8,0.12196786674552895,0.30587072627757916,False
861307,Steven Cruz,2025,RP,shoulder,2025-08-03,26.14,17,False,2.5,9.6,0.5177829263974343,0.20825300797826513,False
861343,Seth Halvorsen,2025,RP,elbow,2025-08-03,25.46,18,False,3.75,11.8,0.35223819413860813,0.3547909906392817,False
864011,Josh Hader,2025,RP,shoulder,2025-08-11,31.35,28,False,2.75,9.6,0.7831462831965496,0.898551601225579,False
864173,Brock Stewart,2025,RP,shoulder,2025-08-12,33.86,23,False,3.0,9.4,-0.1525591884157455,0.5541710108508794,False
864630,Logan Evans,2025,SP,elbow,2025-08-15,24.19,3,False,5.25,19.6,-0.18380430970944142,0.4151547666352535,False
865749,Bennett Sousa,2025,RP,elbow,2025-08-20,30.37,21,False,4.5,5.2,0.32194890530237846,0.46995122105910464,False
866119,Reed Garrett,2025,RP,elbow,2025-08-23,32.64,21,False,5.0,5.6,0.6813899864559303,0.22110288166510145,False
866391,Randy Rodríguez,2025,RP,elbow,2025-08-23,25.97,27,False,4.5,12.6,0.44150597028656324,0.1925167848242394,False
866454,Janson Junk,2025,SP,elbow,2025-08-24,29.61,5,False,5.5,31.6,0.4788772475093959,0.18944244630451745,False
866367,Jacob Lopez,2025,SP,elbow,2025-08-25,27.46,9,False,5.75,31.8,0.18226924397910738,0.12814879237201454,False
866577,Graham Ashcraft,2025,RP,elbow,2025-08-25,27.53,33,False,1.75,6.0,0.0633431892296805,0.1670590691402364,False
866580,Trevor Megill,2025,RP,elbow,2025-08-25,31.72,27,False,2.25,11.4,0.4903886467718748,0.3101694113503593,False
867013,MacKenzie Gore,2025,SP,shoulder,2025-08-27,26.51,15,False,5.25,39.6,0.15866469548889583,0.23363429639315414,False
867100,Ryan Gusto,2025,SP,shoulder,2025-08-28,26.47,15,False,8.25,34.8,0.5038940125256228,0.4633824420442062,False
867207,Edward Cabrera,2025,SP,elbow,2025-08-31,27.38,12,False,5.5,17.0,0.1499839698918738,0.12777230355183178,False
867754,Nic Enright,2025,RP,elbow,2025-09-04,28.65,8,False,4.0,12.6,0.7580242005395361,0.2188357359165397,False
867975,Jordan Hicks,2025,RP,shoulder,2025-09-04,28.99,15,False,2.75,9.2,0.5472046789381149,0.4670902097306433,False
867936,Kaleb Ort,2025,RP,elbow,2025-09-05,33.58,26,False,1.75,9.8,0.10764731798087673,0.4815711724012765,False
868232,Daniel Palencia,2025,RP,shoulder,2025-09-08,25.59,32,False,2.5,10.2,0.4880694931952182,0.286960900676188,False
869017,David Morgan,2025,RP,shoulder,2025-09-09,25.87,11,False,2.75,6.6,-0.08254317758248281,0.24862034307289888,False
868970,José Alvarado,2025,RP,elbow,2025-09-11,30.31,8,False,3.75,10.0,0.7683863104454811,0.2712749817275385,False
869971,José Soriano,2025,SP,elbow,2025-09-18,26.91,19,False,5.75,30.6,0.4990938347024399,0.6896043242374745,False
870078,Lucas Erceg,2025,RP,shoulder,2025-09-19,30.39,19,False,3.5,9.4,0.3793699591708889,0.741330281736116,False
870186,Sean Newcomb,2025,RP,elbow,2025-09-20,32.27,26,False,3.0,6.4,0.14464112680692903,0.39630795996315726,False
870479,Cole Winn,2025,RP,shoulder,2025-09-24,25.83,1,True,2.5,6.6,0.6176380373798926,0.1931985507042194,False
870378,José Berríos,2025,SP,elbow,2025-09-25,31.33,19,False,8.0,29.2,0.020820034443068576,0.34753009131973167,False
