p,lambda,t2_ucl,h
1,0.1,10.827566170662733,4.774214556906372
1,0.2,10.827566170662733,5.739223376382142
1,0.3,10.827566170662733,6.147001727949828
3,0.1,16.26623619623813,9.17400203133002
3,0.2,16.26623619623813,10.333087224978954
3,0.3,16.26623619623813,10.786475020926446
5,0.1,20.515005652432873,12.609949914272875
5,0.2,20.515005652432873,13.982761675026268
5,0.3,20.515005652432873,14.494360615033656
7,0.1,24.321886347856854,15.910486150998622
7,0.2,24.321886347856854,17.378566111903638
7,0.3,24.321886347856854,17.92219175072387
