학교,투수 수,규정 위반 건수,위반 투수 수,투구수 모르는 등판일 수,ACWR 계산 가능 투수 수,ACWR 기준 초과 투수 수,위반 없이 누적 부하 표시,ACWR 기준 초과 비율,학교명
S01,11,0,0,0,11,7,7,0.636,EPBC(U-18)
S02,6,0,0,0,6,6,6,1.0,GD챌린저스BC(U-18)
S03,13,0,0,0,8,0,0,0.0,GD챌린저스BC(U18)
S04,11,0,0,0,11,7,7,0.636,HGBC(U-18)
S05,11,0,0,0,11,7,7,0.636,TNPBA(U-18)
S06,11,0,0,0,11,8,8,0.727,강릉고
S07,6,0,0,0,6,6,6,1.0,강원고
S08,10,1,1,0,9,5,4,0.556,개성고
S09,9,0,0,0,9,7,7,0.778,거제BC(U-18)
S10,9,0,0,0,9,8,8,0.889,경기고
S100,5,1,1,0,5,5,4,1.0,충훈고
S101,7,0,0,0,7,6,6,0.857,포항제철고
S102,7,0,0,0,7,6,6,0.857,한광BC(U-18)
S103,14,0,0,0,14,7,7,0.5,화성동탄B(U-18)
S104,10,0,0,0,10,7,7,0.7,화순고
S105,9,0,0,0,9,9,9,1.0,휘문고
S11,10,0,0,0,9,6,6,0.667,경기상업고
S12,8,0,0,0,8,6,6,0.75,경기항공고
S13,11,0,0,0,11,9,9,0.818,경남고
S14,11,0,0,0,11,7,7,0.636,경동고
S15,9,0,0,0,9,6,6,0.667,경민IT고
S16,14,0,0,0,14,11,11,0.786,경북고
S17,10,0,0,0,10,9,9,0.9,경주고
S18,10,0,0,0,10,7,7,0.7,공주고
S19,11,0,0,0,9,7,7,0.778,광남고BC
S20,9,0,0,0,9,6,6,0.667,광주BC(U-18)
S21,11,0,0,0,11,7,7,0.636,광주동성고
S22,12,0,0,0,11,8,8,0.727,광주제일고
S23,13,0,0,0,12,6,6,0.5,광주진흥고
S24,12,0,0,0,12,7,7,0.583,군산상일고
S25,10,0,0,0,10,8,8,0.8,금남고
S26,13,0,0,0,12,8,8,0.667,김해고
S27,13,0,0,0,12,9,9,0.75,대구고
S28,6,0,0,0,6,5,5,0.833,대구북구SC(U-18)
S29,15,0,0,0,15,9,9,0.6,대구상원고
S30,12,0,0,0,11,7,7,0.636,대전고
S31,7,0,0,0,7,7,7,1.0,대전제일고
S32,11,0,0,1,11,9,9,0.818,덕수고
S33,9,0,0,0,9,5,5,0.556,도개고
S34,12,0,0,0,12,9,9,0.75,동산고
S35,10,0,0,0,10,7,7,0.7,라온고
S36,13,0,0,0,11,10,10,0.909,마산고
S37,12,0,0,0,12,10,10,0.833,마산용마고
S38,12,1,1,0,12,10,9,0.833,물금고
S39,7,0,0,0,6,4,4,0.667,밀양BC(U-18)
S40,10,0,0,0,9,4,4,0.444,배명고
S41,6,0,0,0,6,6,6,1.0,배재고
S42,7,1,1,0,7,7,6,1.0,백송고
S43,8,0,0,0,8,5,5,0.625,부경고
S44,16,0,0,0,16,12,12,0.75,부산고
S45,8,0,0,0,8,7,7,0.875,부산공업고
S46,8,0,0,0,8,5,5,0.625,부산정보고SBC
S47,6,0,0,0,6,5,5,0.833,부천고
S48,9,0,0,0,9,8,8,0.889,북일고
S49,8,0,0,0,8,6,6,0.75,비봉고
S50,11,0,0,0,11,7,7,0.636,상동고
S51,7,0,0,0,6,5,5,0.833,상우고
S52,15,0,0,0,14,8,8,0.571,서울HK야구단(U-18)
S53,11,0,0,0,11,7,7,0.636,서울고
S54,8,0,0,0,8,6,6,0.75,서울동산고
S55,7,0,0,0,7,7,7,1.0,서울디자인고
S56,3,0,0,0,0,0,0,,서울아이티고BC
S57,10,0,0,0,10,7,7,0.7,서울자동차고
S58,14,0,0,0,12,9,9,0.75,서울컨벤션고
S59,10,0,0,0,10,8,8,0.8,선린인터넷고
S60,7,0,0,0,6,5,5,0.833,설악고
S61,11,1,1,0,11,7,6,0.636,성남고
S62,21,0,0,0,20,10,10,0.5,세광고
S63,3,0,0,0,0,0,0,,세명컴퓨터고야구단
S64,9,0,0,0,9,6,6,0.667,세원고
S65,2,0,0,0,0,0,0,,세종BC(U-18)
S66,8,0,0,1,8,6,6,0.75,소래고
S67,16,0,0,0,16,11,11,0.688,순천효천고BC
S68,10,0,0,0,10,5,5,0.5,신일고
S69,8,0,0,0,8,6,6,0.75,신흥고
S70,8,0,0,0,8,5,5,0.625,아산BC(U-18)
S71,13,0,0,0,13,6,6,0.462,안산공업고
S72,11,1,1,0,11,8,7,0.727,야로고BC
S73,8,0,0,0,8,5,5,0.625,야탑고
S74,7,0,0,0,7,4,4,0.571,예일메디텍고
S75,9,0,0,0,9,7,7,0.778,용인시야구단(U-18)
S76,10,0,0,0,10,6,6,0.6,우신고
S77,8,0,0,0,8,6,6,0.75,울산공고BC
S78,10,0,0,0,10,9,9,0.9,원주고
S79,15,0,0,1,15,9,9,0.6,유신고
S80,8,0,0,0,8,7,7,0.875,율곡고야구단
S81,10,0,0,0,10,7,7,0.7,의성고
S82,8,0,0,0,8,3,3,0.375,의왕BC(U-18)
S83,9,0,0,0,9,6,6,0.667,인상고
S84,9,0,0,0,9,7,7,0.778,인창고
S85,7,0,0,0,7,5,5,0.714,인천고
S86,7,0,0,0,6,5,5,0.833,장안고
S87,9,0,0,0,9,7,7,0.778,장충고
S88,9,1,1,0,9,4,3,0.444,전북인공지능고
S89,11,0,0,0,11,9,9,0.818,전주고
S90,12,0,0,0,12,8,8,0.667,제물포고
S91,8,0,0,0,8,6,6,0.75,제주고
S92,13,0,0,0,12,4,4,0.333,중앙고
S93,11,0,0,0,11,8,8,0.727,진영고
S94,9,0,0,0,9,7,7,0.778,창원공고야구단
S95,7,0,0,0,6,4,4,0.667,천안CSBC(U-18)
S96,10,0,0,0,10,7,7,0.7,청담고
S97,11,0,0,0,11,10,10,0.909,청원고
S98,8,1,1,0,8,7,6,0.875,청주고
S99,10,1,1,2,10,8,7,0.8,충암고
