group,feature,pitcher_seasons,sigma_w,sigma_b,n_min
전체,velo,1837,0.8542703839113143,0.673373231454983,1.6094556170010108
전체,rel_z,1837,0.06640078238720792,0.0830216823000917,0.6396808277149224
전체,arm_angle,1837,1.9671116768265065,1.4654771666224546,1.8017723603837326
전체,rel_x,1837,0.10910591902793924,0.11929807429700928,0.8364303000209996
전체,extension,1837,0.12168459395243532,0.09372333211100704,1.6856824041139036
전체,spin,1837,77.69935960794851,49.40319506462539,2.4735734151578344
SP,velo,585,0.9699974455249677,0.6470424592221012,2.2473753895645774
SP,rel_z,585,0.0706625585684139,0.08346771875831617,0.7167069712731514
SP,arm_angle,585,2.033090422524426,1.4310364299506078,2.0184221780285196
SP,rel_x,585,0.11316100179598408,0.1157850923824828,0.9551867161890361
SP,extension,585,0.1243344641875749,0.09231897989096963,1.8138487094195208
SP,spin,585,79.6278193841405,44.668348474142,3.177824099429173
RP,velo,1252,0.8001129058549832,0.6817572041317539,1.3773460873538863
RP,rel_z,1252,0.06334100629598025,0.0829259366869504,0.5834305226633881
RP,arm_angle,1252,1.94225994301696,1.483795112555224,1.7134318455241708
RP,rel_x,1252,0.10742473007512829,0.12133338369279895,0.7838770036124885
RP,extension,1252,0.11992726912649754,0.0945757140796645,1.6079651458431572
RP,spin,1252,76.36023744949588,51.79171187272778,2.1737720902319198
