setting,method,cases,controls,concordance,concordance_lo,concordance_hi,detection,control_window,median_lead,false_alarms_per100
"주 결과 (λ 0.2, 선발 기준선 8)",구속 하락 신호,107,214,0.6121495327102804,0.5327102803738317,0.6915887850467289,10.2803738317757,3.2710280373831773,2.0,0.8488964346349746
"주 결과 (λ 0.2, 선발 기준선 8)",폼 변화 신호,107,214,0.4532710280373832,0.37850467289719625,0.5280373831775701,4.672897196261682,2.803738317757009,1.0,0.5556413026701652
λ 0.1,구속 하락 신호,107,214,0.6121495327102804,0.5373831775700935,0.6822429906542056,12.149532710280374,4.205607476635514,2.0,0.7562895508566138
λ 0.1,폼 변화 신호,107,214,0.49065420560747663,0.411214953271028,0.5654205607476636,4.672897196261682,2.336448598130841,1.0,0.571075783299892
λ 0.3,구속 하락 신호,107,214,0.6308411214953271,0.5514018691588785,0.705607476635514,8.411214953271028,2.803738317757009,2.0,0.7099861089674332
λ 0.3,폼 변화 신호,107,214,0.4532710280373832,0.37850467289719625,0.5233644859813084,4.672897196261682,2.803738317757009,1.0,0.5865102639296188
선발 기준선 6등판,구속 하락 신호,107,214,0.6214953271028038,0.5420560747663551,0.705607476635514,10.2803738317757,3.2710280373831773,2.0,0.8440090429540317
선발 기준선 6등판,폼 변화 신호,107,214,0.4532710280373832,0.37850467289719625,0.5280373831775701,4.672897196261682,2.803738317757009,1.0,0.557648831951771
선발 기준선 10등판,구속 하락 신호,103,206,0.6359223300970874,0.5533980582524272,0.7184466019417476,10.679611650485436,4.368932038834951,2.0,0.8382097105804207
선발 기준선 10등판,폼 변화 신호,103,206,0.47572815533980584,0.39805825242718446,0.5485436893203883,4.854368932038835,2.4271844660194173,1.0,0.537719436976119
