treatment,role,n_fb_bin,outings,false_alarms_per100
가변 표본 표준화 (채택),SP,3~5,9,0.0
가변 표본 표준화 (채택),SP,6~9,19,0.0
가변 표본 표준화 (채택),SP,10~15,67,2.9850746268656714
가변 표본 표준화 (채택),SP,16+,1584,1.073232323232323
가변 표본 표준화 (채택),RP,3~5,1288,0.7763975155279503
가변 표본 표준화 (채택),RP,6~9,1803,0.776483638380477
가변 표본 표준화 (채택),RP,10~15,1331,0.7513148009015778
가변 표본 표준화 (채택),RP,16+,378,0.5291005291005291
분산 하나로 처리,SP,3~5,9,0.0
분산 하나로 처리,SP,6~9,19,5.263157894736842
분산 하나로 처리,SP,10~15,67,2.9850746268656714
분산 하나로 처리,SP,16+,1584,1.0101010101010102
분산 하나로 처리,RP,3~5,1206,0.9121061359867331
분산 하나로 처리,RP,6~9,1746,0.9163802978235969
분산 하나로 처리,RP,10~15,1316,0.6838905775075987
분산 하나로 처리,RP,16+,380,0.2631578947368421
